<?xml version="1.0" encoding="UTF-8"?>
<project-private xmlns="http://www.netbeans.org/ns/project-private/1">
    <editor-bookmarks xmlns="http://www.netbeans.org/ns/editor-bookmarks/2" lastBookmarkId="0"/>
    <open-files xmlns="http://www.netbeans.org/ns/projectui-open-files/2">
        <group>
            <file>file:/C:/Users/ronnypetsonss/Documents/NetBeansProjects/MineracaoDadosEleitorais/src/mineracaodadoseleitorais/DAO/CandidaturaFileTableReader.java</file>
            <file>file:/C:/Users/ronnypetsonss/Documents/NetBeansProjects/MineracaoDadosEleitorais/src/mineracaodadoseleitorais/DAO/PerfilEleitorFileTableReader.java</file>
            <file>file:/C:/Users/ronnypetsonss/Documents/NetBeansProjects/MineracaoDadosEleitorais/src/mineracaodadoseleitorais/DAO/VotacaoSecaoFileTableReader.java</file>
            <file>file:/C:/Users/ronnypetsonss/Documents/NetBeansProjects/MineracaoDadosEleitorais/src/mineracaodadoseleitorais/DAO/DAOTSE.java</file>
            <file>file:/C:/Users/ronnypetsonss/Documents/NetBeansProjects/MineracaoDadosEleitorais/src/mineracaodadoseleitorais/DAO/FileTableReader.java</file>
            <file>file:/C:/Users/ronnypetsonss/Documents/NetBeansProjects/MineracaoDadosEleitorais/src/mineracaodadoseleitorais/negocio/Votavel.java</file>
            <file>file:/C:/Users/ronnypetsonss/Documents/NetBeansProjects/MineracaoDadosEleitorais/src/mineracaodadoseleitorais/DAO/LegendaFileTableReader.java</file>
            <file>file:/C:/Users/ronnypetsonss/Documents/NetBeansProjects/MineracaoDadosEleitorais/src/mineracaodadoseleitorais/negocio/VotacaoCandidato.java</file>
            <file>file:/C:/Users/ronnypetsonss/Documents/NetBeansProjects/MineracaoDadosEleitorais/src/mineracaodadoseleitorais/negocio/BemDeCandidato.java</file>
            <file>file:/C:/Users/ronnypetsonss/Documents/NetBeansProjects/MineracaoDadosEleitorais/src/mineracaodadoseleitorais/negocio/Votacao.java</file>
            <file>file:/C:/Users/ronnypetsonss/Documents/NetBeansProjects/MineracaoDadosEleitorais/src/mineracaodadoseleitorais/negocio/VotacaoSecao.java</file>
            <file>file:/C:/Users/ronnypetsonss/Documents/NetBeansProjects/MineracaoDadosEleitorais/src/mineracaodadoseleitorais/DAO/VotacaoPartidoFileTableReader.java</file>
            <file>file:/C:/Users/ronnypetsonss/Documents/NetBeansProjects/MineracaoDadosEleitorais/src/mineracaodadoseleitorais/negocio/VotacaoPartido.java</file>
            <file>file:/C:/Users/ronnypetsonss/Documents/NetBeansProjects/MineracaoDadosEleitorais/src/mineracaodadoseleitorais/negocio/Candidatura.java</file>
            <file>file:/C:/Users/ronnypetsonss/Documents/NetBeansProjects/MineracaoDadosEleitorais/src/mineracaodadoseleitorais/DAO/VotacaoCandidatoFileTableReader.java</file>
            <file>file:/C:/Users/ronnypetsonss/Documents/NetBeansProjects/MineracaoDadosEleitorais/src/mineracaodadoseleitorais/Main.java</file>
            <file>file:/C:/Users/ronnypetsonss/Documents/NetBeansProjects/MineracaoDadosEleitorais/src/mineracaodadoseleitorais/negocio/Legenda.java</file>
            <file>file:/C:/Users/ronnypetsonss/Documents/NetBeansProjects/MineracaoDadosEleitorais/src/mineracaodadoseleitorais/negocio/PerfilEleitor.java</file>
            <file>file:/C:/Users/ronnypetsonss/Documents/NetBeansProjects/MineracaoDadosEleitorais/src/mineracaodadoseleitorais/DAO/BemDeCandidatoFileTableReader.java</file>
        </group>
    </open-files>
</project-private>
